{"cameraMode":{"drawMode":0,"name":"Shaded","section":"Shading Mode"},"sceneLighting":true,"audioPlay":false,"sceneViewState":{"m_AlwaysRefresh":false,"showFog":true,"showSkybox":true,"showFlares":true,"showImageEffects":true,"showParticleSystems":true,"showVisualEffectGraphs":true,"m_FxEnabled":true},"in2DMode":false,"pivot":{"x":0.23634186387062074,"y":0.16584809124469758,"z":17.678876876831056},"rotation":{"x":-0.19986285269260407,"y":-0.07772794365882874,"z":0.017488377168774606,"w":-0.9770503044128418},"size":23.561580657958986,"orthographic":false}